{
	"class_name" : "PinholeCameraParameters",
	"extrinsic" : 
	[
		-0.88876836723710972,
		0.27001624714357653,
		-0.37038090619952485,
		0.0,
		0.35203425909029451,
		-0.11536835850949818,
		-0.92884983839239132,
		0.0,
		-0.29353478469413058,
		-0.95591912217160047,
		0.0074807781177814022,
		0.0,
		9.3568554249824238,
		7.2329995016131514,
		14.458679079429826,
		1.0
	],
	"intrinsic" : 
	{
		"height" : 1080,
		"intrinsic_matrix" : 
		[
			935.30743608719376,
			0.0,
			0.0,
			0.0,
			935.30743608719376,
			0.0,
			959.5,
			539.5,
			1.0
		],
		"width" : 1920
	},
	"version_major" : 1,
	"version_minor" : 0
}